{
  "schema_version": 1,
  "results": [
    {
      "scale": 1000,
      "write_ms": {
        "median": 1.8758499973046128,
        "p95_approx": 2.59129999903962,
        "max": 287.2231000001193,
        "first_100_median": 1.9500999987940304,
        "last_100_median": 1.847049999923911
      },
      "concurrency": {
        "1": {
          "wall_ms": 23.482799999328563,
          "worker_median_ms": 22.513900003104936,
          "worker_max_ms": 22.513900003104936
        },
        "4": {
          "wall_ms": 30.08630000113044,
          "worker_median_ms": 16.291500000079395,
          "worker_max_ms": 29.337200001464225
        },
        "16": {
          "wall_ms": 111.80049999893527,
          "worker_median_ms": 77.82534999932977,
          "worker_max_ms": 107.99060000135796
        },
        "64": {
          "wall_ms": 498.096399998758,
          "worker_median_ms": 345.60364999924786,
          "worker_max_ms": 492.22089999966556
        }
      },
      "query_plan": [
        "3 | 0 | 54 | SEARCH record_index USING COVERING INDEX record_index_ref_idx (record_ref=?)"
      ],
      "generation": {
        "store_revision": 1000,
        "authority_generation": 1,
        "world_revision": 1000,
        "audit_revision": 1000
      }
    },
    {
      "scale": 10000,
      "write_ms": {
        "median": 4.513399999268586,
        "p95_approx": 6.39460000093095,
        "max": 565.1970999970217,
        "first_100_median": 3.08374999804073,
        "last_100_median": 4.032400000141934
      },
      "concurrency": {
        "1": {
          "wall_ms": 30.399899998883484,
          "worker_median_ms": 29.664699999557342,
          "worker_max_ms": 29.664699999557342
        },
        "4": {
          "wall_ms": 45.43200000262004,
          "worker_median_ms": 35.21589999945718,
          "worker_max_ms": 43.065799996838905
        },
        "16": {
          "wall_ms": 197.28799999938929,
          "worker_median_ms": 158.08445000038773,
          "worker_max_ms": 194.25500000215834
        },
        "64": {
          "wall_ms": 696.4994000009028,
          "worker_median_ms": 528.9968500001123,
          "worker_max_ms": 671.0003000007418
        }
      },
      "query_plan": [
        "3 | 0 | 54 | SEARCH record_index USING COVERING INDEX record_index_ref_idx (record_ref=?)"
      ],
      "generation": {
        "store_revision": 10000,
        "authority_generation": 1,
        "world_revision": 10000,
        "audit_revision": 10000
      }
    },
    {
      "scale": 100000,
      "write_ms": {
        "median": 3.9008999992802273,
        "p95_approx": 6.102200000896119,
        "max": 341.7081000006874,
        "first_100_median": 4.039999999804422,
        "last_100_median": 3.9036500002112007
      },
      "concurrency": {
        "1": {
          "wall_ms": 29.0750999993179,
          "worker_median_ms": 28.40699999796925,
          "worker_max_ms": 28.40699999796925
        },
        "4": {
          "wall_ms": 53.73129999861703,
          "worker_median_ms": 32.48940000048606,
          "worker_max_ms": 51.76790000041365
        },
        "16": {
          "wall_ms": 175.56299999705516,
          "worker_median_ms": 149.04070000193315,
          "worker_max_ms": 170.7358000021486
        },
        "64": {
          "wall_ms": 603.2841999985976,
          "worker_median_ms": 435.31220000113535,
          "worker_max_ms": 557.9383000003872
        }
      },
      "query_plan": [
        "3 | 0 | 54 | SEARCH record_index USING COVERING INDEX record_index_ref_idx (record_ref=?)"
      ],
      "generation": {
        "store_revision": 100000,
        "authority_generation": 1,
        "world_revision": 100000,
        "audit_revision": 100000
      }
    }
  ]
}
